"consideredSamps.coligohits.perc_contam...0.01.","X1","X2","perc_contam"
"aacgccaa-attctggaa-Harrison_asle_10",184,4,0.0212765957446809
"atcggaccaa-cttcaataa-Harrison_asle_32",56,5,0.0819672131147541
"tcggagcaa-ctgatgga-Harrison_asle_59",60,11,0.154929577464789
"accaagccaa-gatagataa-Harrison_asle_47",312,9,0.0280373831775701
"ttaactccaa-acctagtaa-Harrison_asle_86",20,5,0.2
"aggtaccaa-agcaatgaa-Harrison_asle_20",263,8,0.029520295202952
"gagccgcaa-tagtaata-Harrison_asle_88",64,4,0.0588235294117647
"ggtactcaa-tgctgcta-Harrison_asle_271",100,3,0.029126213592233
"cgcctcca-cctccaac-Harrison_asle_27",167,2,0.0118343195266272
"ctccgaagaa-agaacttgca-Harrison_asle_96",100,2,0.0196078431372549
"tccatatcaa-caggaacgca-Harrison_asle_41",407,25,0.0578703703703704
"tggaccagaa-tattctatca-Harrison_asle_294",605,14,0.0226171243941842
"catactaa-ataagaacca-Harrison_asle_170",4,3,0.428571428571429
"ccagaaccaa-gtcctaacca-Harrison_asle_192",6,15,0.714285714285714
"cattgaccaa-acctagtaa-Harrison_asle_222",337,7,0.0203488372093023
"gttggccaa-tagtaata-Harrison_asle_209",115,6,0.0495867768595041
"cgcctcca-aggacgac-Harrison_asle_239",186,6,0.03125
"ttattcgaa-cctatacca-Harrison_asle_153",122,8,0.0615384615384615
"gagcttca-caggaacgca-Harrison_asle_164",184,3,0.0160427807486631
"actgacgaa-ccgcgtta-Harrison_asle_108",140,3,0.020979020979021
"agctaaga-ttggacggca-Harrison_asle_144",26,13,0.333333333333333
"aacgccaa-cataattgca-Harrison_asle_183",135,5,0.0357142857142857
"tgaagccaa-attctggaa-Harrison_asle_10",184,4,0.0212765957446809
"ctgataccaa-cttcaataa-Harrison_asle_32",56,5,0.0819672131147541
"ccaacgcaa-ctgatgga-Harrison_asle_59",60,11,0.154929577464789
"taggagccaa-gatagataa-Harrison_asle_47",312,9,0.0280373831775701
"tgcgaagcaa-acctagtaa-Harrison_asle_86",20,5,0.2
"tcgcgaccaa-agcaatgaa-Harrison_asle_20",263,8,0.029520295202952
"tacttgcaa-tagtaata-Harrison_asle_88",64,4,0.0588235294117647
"ctcagcaa-tgctgcta-Harrison_asle_271",100,3,0.029126213592233
"acgccgca-cctccaac-Harrison_asle_27",167,2,0.0118343195266272
"ttggtaagaa-agaacttgca-Harrison_asle_96",100,2,0.0196078431372549
"gatgcgca-caggaacgca-Harrison_asle_41",407,25,0.0578703703703704
"agctaaga-tattctatca-Harrison_asle_294",605,14,0.0226171243941842
"ccagaaccaa-ataagaacca-Harrison_asle_170",4,3,0.428571428571429
"agacgcaa-gtcctaacca-Harrison_asle_192",6,15,0.714285714285714
"cagcagaa-acctagtaa-Harrison_asle_222",337,7,0.0203488372093023
"tctctccaa-tagtaata-Harrison_asle_209",115,6,0.0495867768595041
"acgccgca-aggacgac-Harrison_asle_239",186,6,0.03125
"cttgcagcaa-cctatacca-Harrison_asle_153",122,8,0.0615384615384615
"ggaatggaa-caggaacgca-Harrison_asle_164",184,3,0.0160427807486631
"ccgcgcgaa-ccgcgtta-Harrison_asle_108",140,3,0.020979020979021
"aacgccaa-ttggacggca-Harrison_asle_144",26,13,0.333333333333333
"tgaagccaa-cataattgca-Harrison_asle_183",135,5,0.0357142857142857
"aacgccaa-attctggaa-Harrison_asle_10",184,4,0.0212765957446809
"atcggaccaa-cttcaataa-Harrison_asle_32",56,5,0.0819672131147541
"tcggagcaa-ctgatgga-Harrison_asle_59",60,11,0.154929577464789
"accaagccaa-gatagataa-Harrison_asle_47",312,9,0.0280373831775701
"ttaactccaa-acctagtaa-Harrison_asle_86",20,5,0.2
"aggtaccaa-agcaatgaa-Harrison_asle_20",263,8,0.029520295202952
"gagccgcaa-tagtaata-Harrison_asle_88",64,4,0.0588235294117647
"ggtactcaa-tgctgcta-Harrison_asle_271",100,3,0.029126213592233
"cgcctcca-cctccaac-Harrison_asle_27",167,2,0.0118343195266272
"ctccgaagaa-agaacttgca-Harrison_asle_96",100,2,0.0196078431372549
"tccatatcaa-caggaacgca-Harrison_asle_41",407,25,0.0578703703703704
"tggaccagaa-tattctatca-Harrison_asle_294",605,14,0.0226171243941842
"catactaa-ataagaacca-Harrison_asle_170",4,3,0.428571428571429
"ccagaaccaa-gtcctaacca-Harrison_asle_192",6,15,0.714285714285714
"cattgaccaa-acctagtaa-Harrison_asle_222",337,7,0.0203488372093023
"gttggccaa-tagtaata-Harrison_asle_209",115,6,0.0495867768595041
"cgcctcca-aggacgac-Harrison_asle_239",186,6,0.03125
"ttattcgaa-cctatacca-Harrison_asle_153",122,8,0.0615384615384615
"gagcttca-caggaacgca-Harrison_asle_164",184,3,0.0160427807486631
"actgacgaa-ccgcgtta-Harrison_asle_108",140,3,0.020979020979021
"agctaaga-ttggacggca-Harrison_asle_144",26,13,0.333333333333333
"aacgccaa-cataattgca-Harrison_asle_183",135,5,0.0357142857142857
"tgaagccaa-attctggaa-Harrison_asle_10",184,4,0.0212765957446809
"ctgataccaa-cttcaataa-Harrison_asle_32",56,5,0.0819672131147541
"ccaacgcaa-ctgatgga-Harrison_asle_59",60,11,0.154929577464789
"taggagccaa-gatagataa-Harrison_asle_47",312,9,0.0280373831775701
"tgcgaagcaa-acctagtaa-Harrison_asle_86",20,5,0.2
"tcgcgaccaa-agcaatgaa-Harrison_asle_20",263,8,0.029520295202952
"tacttgcaa-tagtaata-Harrison_asle_88",64,4,0.0588235294117647
"ctcagcaa-tgctgcta-Harrison_asle_271",100,3,0.029126213592233
"acgccgca-cctccaac-Harrison_asle_27",167,2,0.0118343195266272
"ttggtaagaa-agaacttgca-Harrison_asle_96",100,2,0.0196078431372549
"gatgcgca-caggaacgca-Harrison_asle_41",407,25,0.0578703703703704
"agctaaga-tattctatca-Harrison_asle_294",605,14,0.0226171243941842
"ccagaaccaa-ataagaacca-Harrison_asle_170",4,3,0.428571428571429
"agacgcaa-gtcctaacca-Harrison_asle_192",6,15,0.714285714285714
"cagcagaa-acctagtaa-Harrison_asle_222",337,7,0.0203488372093023
"tctctccaa-tagtaata-Harrison_asle_209",115,6,0.0495867768595041
"acgccgca-aggacgac-Harrison_asle_239",186,6,0.03125
"cttgcagcaa-cctatacca-Harrison_asle_153",122,8,0.0615384615384615
"ggaatggaa-caggaacgca-Harrison_asle_164",184,3,0.0160427807486631
"ccgcgcgaa-ccgcgtta-Harrison_asle_108",140,3,0.020979020979021
"aacgccaa-ttggacggca-Harrison_asle_144",26,13,0.333333333333333
"tgaagccaa-cataattgca-Harrison_asle_183",135,5,0.0357142857142857
